
INSERT INTO `casualty` (`ssn`, `deg_of_loss`) VALUES
('5321543655', '3'),
('5221043655', '2'),
('5221043652\r\n', '2'),
('522104365', '1'),
('572104365', '2'),
('878686158', '3'),
('878686150', '3'),
('264686150', '1'),
('26468615', '3'),
('264686156', '1'),
('264686172', '2'),
('264686189', '2'),
('264686184', '1'),
('264686185', '3'),
('2646861854', '2'),
('298021718', '3'),
('298021712', '2'),
('2980217124', '1'),
('298021712441', '1'),
('505230268', '2');

-- --------------------------------------------------------

INSERT INTO `casualty_incident` (`incident_id`, `casualty_ssn`) VALUES
(2, '522104365'),
(2, '5221043652'),
(4, '572104365'),
(5, '2646861854'),
(5, '264686189'),
(5, '298021712'),
(6, '2980217124'),
(8, '878686150'),
(9, '878686158'),
(19, '298021718'),
(22, '505230268'),
(23, '2980217124'),
(23, '298021712441'),
(30, '26468615'),
(30, '264686150'),
(30, '264686156'),
(30, '264686172'),
(44, '5221043655'),
(44, '5321543655'),
(45, '264686184'),
(45, '264686185');

-- --------------------------------------------------------

INSERT INTO `criminal` (`ssn`, `no_of_crimes`, `current_state`, `no_of_victims`) VALUES
('524608656', 4, 1, 9),
('765266441', 2, 1, 6),
('270131735', 1, 0, 4),
('109548023', 2, 1, 1),
('141316582', 2, 0, 2),
('671249914', 3, 0, 4),
('572104364', 3, 1, 5),
('29806112011457', 1, 0, 2),
('432617456', 2, 0, 3),
('574428216', 4, 1, 12),
('404530158', 20, 1, 15),
('772742249', 5, 0, 20),
('579462314', 7, 0, 5),
('5052302615', 12, 1, 50),
('2151097142037', 15, 0, 50),
('21510971420377', 20, 0, 23),
('654651658', 20, 0, 23),
('6546516584', 8, 1, 48),
('416468465', 8, 1, 48),
('4164684651', 2, 1, 8);

-- --------------------------------------------------------

INSERT INTO `criminal_hm_incident` (`criminal_ssn`, `hm_incident_id`) VALUES
('109548023', 3),
('141316582', 3),
('2151097142037', 5),
('21510971420377', 17),
('270131735', 21),
('29806112011457', 4),
('404530158', 4),
('416468465', 4),
('4164684651', 4),
('432617456', 7),
('5052302615', 7),
('524608656', 7),
('572104364', 8),
('574428216', 8),
('579462314', 8),
('654651658', 15),
('6546516584', 15),
('671249914', 15),
('765266441', 20),
('772742249', 20);

------------------------------------------------------------

INSERT INTO `person` (`ssn`, `name`, `age`, `gender`, `address`) VALUES
('21510971420378', 'Ali ', 21, 1, '15 ELHosaary street, 6 October'),
('505230261', 'Micheal', 34, 1, '2559 Hauck Spurs Cynthiaport'),
('29802171244231', 'Moamen', 42, 1, '17 ElHaram street, giza'),
('20612981004127', 'Aly ', 30, 1, '15 ELSayeda street, giza'),
('21506981045017', 'Remonda', 20, 0, '15 ELSodan street, gize'),
('21702984560102', 'Mohamed', 20, 1, '17 ElWehda street giza'),
('572104364', 'Rosel', 56, 0, 'Henry-Wolter-Gasse 0/6'),
('29806112011457', 'Nour', 55, 0, '2 syria street Elmohndsen'),
('432617456', 'Schaden', 27, 0, '595 Graham Ferry Estevanchester, AR 82695-4683'),
('574428216', 'Fay', 36, 0, '1753 Stamm Crossing South Theron, AK 28457-9489'),
('524608656', 'John', 58, 1, '231 Main Street, Suite 211'),
('765266441', 'Kirlin', 21, 1, '	59841 Yost Rest Apt. 243 Beerchester'),
('270131735', 'Antwon', 48, 1, '719 Auer Stravenue Apt. 863 South Myrtis'),
('109548023', 'Maggie', 42, 0, '4171 Lakin Wells Suite 244 Port Arthur'),
('141316582', 'Ebert', 40, 1, '428 Rupert Rest Sheilaton, NJ 57911-8440'),
('671249914', 'Mark', 25, 1, '91353 Pedro Walks Apt. 723 Port Danaside'),
('651182266', 'Predovic ', 26, 0, '36898 Jamison Mountain Suite 213 Nienowfort, CO 37702-5720'),
('29806152014921', 'Ahmed', 35, 0, '2 syria street Elmohndsen'),
('29106103540131', 'Mona', 46, 0, NULL),
('21107885102472', 'Mohamed', 41, 0, '8 el maadi street'),
('036389826', 'Upton', 41, 0, '2066 Rosenbaum Crossing North Rosemary, RI 58539-2919'),
('309175316', 'Ferry', 42, 0, '73424 Anthony Crossing Moriahchester, IN 56816'),
('470096792', 'Bartell', 47, 0, '12930 Powlowski Garden South Carol, MN 30254-8862'),
('552837008', 'Mark', 31, 0, 'Headquarters 1120 N Street Sacramento 916-654-5266'),
('130906217', 'Sam', 37, 0, '13th Street. 47 W 13th St, New York, NY 10011, USA'),
('530531812', ' Lesley', 28, 1, '9078 Doyle Mountain Suite 086 Port Brendan'),
('445062282', 'Andrew', 42, 1, '60837 Cartwright Summit East Horacio'),
('537192804', 'Elsa', 30, 0, '4726 Tiara Plains Port Casperport, WA 14576'),
('368246284', 'Mera', 26, 0, '9049 McGlynn Manor Auerborough, MI 99854'),
('416242359', 'viorena', 34, 0, '	127 Antonietta Summit Apt. 267 Durganland'),
('520165865', 'Hand', 38, 1, '	73353 Elliot Estates West Layla'),
('226571874', 'Kertzmann ', 25, 1, '556 Nelson Harbor Apt. 144 Andersonbury'),
('579462314', 'Rolfson', 20, 1, '	39549 Jacobs Mountain Jameyborough'),
('772742249', 'Glover', 38, 0, '536 Charlotte Field Suite 878 Wolfburgh'),
('404530158', 'Ryan', 23, 0, '85292 Noble Plaza Lake Alanis, GA 29639'),
('28801150247137', 'Karim', 31, 1, '17 ElMontazah street cairo'),
('252146915', 'Nova', 28, 0, '2475 Reanna Viaduct Apt. 809 Efrainmouth'),
('642606916', 'Karmin', 27, 0, '545 Boyer Skyway Suite 698 Santinoton'),
('505230161', 'Veronica', 27, 0, '964 Shaina Centers Suite 557 Aylamouth'),
('518242856', 'Jessica', 18, 0, '697 Colton Stream Apt. 299 Erichshire'),
('477342755', 'Kalvin', 31, 1, '6209 Jacobi Crossroad South Doyle'),
('574512726', 'Jesson', 19, 1, '	738 Clement Road East Leonor'),
('29802171204031', 'Mohamed', 21, 1, '17 Embaba street giza'),
('29806151104203', 'Remonda', 20, 0, '5 Elsodan street giza'),
('29812061046204', 'Aly', 30, 1, '17 Elsyda zaineb street, down town'),
('29708151024153', 'Ali', 21, 1, ' Elshikh zayd, October'),
('190586120', 'johnny', 26, 1, '377 Kennedi Ridges West Breanne'),
('654165482', 'Lucrecia', 20, 1, '19,helpo AL'),
('4164684651', 'Kekol', 24, 0, '15, horryia street'),
('416468465', 'Kekol', 24, 0, '19, horryia street'),
('6546516584', 'Meshone', 30, 0, 'The Walking dead`s street'),
('654651658', 'Meshone', 30, 0, '2,The Walking dead`s street'),
('21510971420377', 'AKRAM ', 21, 1, '15 ELHosaary street'),
('2151097142037', 'AKRAMY ', 21, 1, '15, Giza'),
('5052302615', 'Micheal', 34, 1, '2559 Hauck Spurs Cynthiaport'),
('505230260', 'Meky', 34, 1, '2559 Hauck Spurs Cynthiaport'),
('505230268', 'Soly', 34, 1, '2559 Tahriir Square'),
('298021712441', 'Moamy', 42, 0, '17 ElHaram street, giza'),
('2980217124', 'Body', 20, 1, '10,Block Chain street'),
('298021712', 'Sqary', 30, 1, '18,Cairo mall street.'),
('298021718', 'Garyy', 33, 1, '18,Cairo street.'),
('2646861854', 'Sadek', 25, 1, '15,The Walking Dead`s Street'),
('264686185', 'Sadt', 25, 1, '15,The Walking`s Street'),
('264686184', 'Sadt', 28, 1, '15,Thya`s Street'),
('264686189', 'Sapt', 28, 1, '15,Teaga`s Street'),
('264686180', 'Sapt', 28, 1, '15,Teaho`s Street'),
('264686172', 'frirt', 28, 1, '15,Kedama`s Street'),
('264686156', 'friyza', 28, 1, '15,Son`s Street'),
('26468615', 'fertzy', 33, 0, '15,SonGok`s Street'),
('264686150', 'fofa', 33, 0, '15,SonGoku`s Street'),
('878686150', 'Gehaad', 33, 1, '18,Crossy`s Street'),
('878686158', 'Gehaady', 45, 1, '19,Cross street'),
('572104365', 'Rosel', 56, 0, 'Henry-Wolter-Gasse 0/6'),
('522104365', 'Rese', 30, 0, 'Henry-Gasse 0/6'),
('5221043652', 'Frezer', 40, 1, '10,Henry`s Street'),
('5221043655', 'akira', 20, 1, '10,Seryan`s Street'),
('5221543655', 'semanta', 60, 0, '10,Carioa`s Street'),
('5321543655', 'Korawa', 21, 1, '10,Semant`s Street');