INSERT INTO Person
(ssn, name, age, gender, address) VALUES
('21510971420378' , 'Ali ' , 21 , 1 , '15 ELHosaary street, 6 October');

INSERT INTO Person
(ssn, name, age, gender, address) VALUES
('505230261' , 'Micheal' , 34 , 1 , '2559 Hauck Spurs Cynthiaport');

INSERT INTO Person
(ssn, name, age, gender, address) VALUES
('29802171244231' , 'Moamen' , 42 , 1 , '17 ElHaram street, giza');


INSERT INTO Person
(ssn, name, age, gender, address) VALUES
('20612981004127' , 'Aly ' , 30 , 1 , '15 ELSayeda street, giza');


INSERT INTO Person
(ssn, name, age, gender, address) VALUES
('21506981045017' , 'Remonda' , 20 , 0 , '15 ELSodan street, gize');


INSERT INTO Person
(ssn, name, age, gender, address) VALUES
('21702984560102' , 'Mohamed' , 20 , 1 , '17 ElWehda street giza');



INSERT INTO Person
(ssn, name, age, gender, address) VALUES
('572104364' , 'Rosel' , 56 , 0 , 'Henry-Wolter-Gasse 0/6');

INSERT INTO Person
(ssn, name, age, gender, address) VALUES
('29806112011457' , 'Nour' , 55 , 0 , '2 syria street Elmohndsen');

INSERT INTO Person
(ssn, name, age, gender, address) VALUES
('432617456' , 'Schaden' , 27 , 0 , '595 Graham Ferry Estevanchester, AR 82695-4683');

INSERT INTO Person
(ssn, name, age, gender, address) VALUES
('574428216' , 'Fay' , 36 , 0 , '1753 Stamm Crossing South Theron, AK 28457-9489');

INSERT INTO Person
(ssn, name, age, gender, address) VALUES
('524608656' , 'John' , 58 , 1 , '231 Main Street, Suite 211');

INSERT INTO Person
(ssn, name, age, gender, address) VALUES
('765266441' , 'Kirlin' , 21 , 1 , '	59841 Yost Rest Apt. 243 Beerchester');


INSERT INTO Person
(ssn, name, age, gender, address) VALUES
('270131735' , 'Antwon' , 48 , 1 , '719 Auer Stravenue Apt. 863 South Myrtis');

INSERT INTO Person
(ssn, name, age, gender, address) VALUES
('109548023' , 'Maggie' , 42 , 0 , '4171 Lakin Wells Suite 244 Port Arthur');

INSERT INTO Person
(ssn, name, age, gender, address) VALUES
('141316582' , 'Ebert' , 40 , 1 , '428 Rupert Rest Sheilaton, NJ 57911-8440');

INSERT INTO Person
(ssn, name, age, gender, address) VALUES
('671249914' , 'Mark' , 25 , 1 , '91353 Pedro Walks Apt. 723 Port Danaside');


INSERT INTO Person
(ssn, name, age, gender, address) VALUES
('651182266' , 'Predovic ' , 26 , 0 , '36898 Jamison Mountain Suite 213 Nienowfort, CO 37702-5720');

INSERT INTO Person
(ssn, name, age, gender, address) VALUES
('29806152014921' , 'Ahmed' , 35 , 0 , '2 syria street Elmohndsen');

INSERT INTO Person
(ssn, name, age, gender ) VALUES
('29106103540131' , 'Mona' , 46 , 0 );

INSERT INTO Person
(ssn, name, age, gender, address) VALUES
('21107885102472' , 'Mohamed' , 41 , 0 , '8 el maadi street');


INSERT INTO Person
(ssn, name, age, gender, address) VALUES
('036389826' , 'Upton' , 41 , 0 , '2066 Rosenbaum Crossing North Rosemary, RI 58539-2919');

INSERT INTO Person
(ssn, name, age, gender, address) VALUES
('309175316' , 'Ferry' , 42 , 0 , '73424 Anthony Crossing Moriahchester, IN 56816');

INSERT INTO Person
(ssn, name, age, gender, address) VALUES
('470096792' , 'Bartell' , 47 , 0 , '12930 Powlowski Garden South Carol, MN 30254-8862');

INSERT INTO Person
(ssn, name, age, gender, address) VALUES
('552837008' , 'Mark' , 31 , 0 , 'Headquarters 1120 N Street Sacramento 916-654-5266');

INSERT INTO Person
(ssn, name, age, gender, address) VALUES
('130906217' , 'Sam' , 37 , 0 , '13th Street. 47 W 13th St, New York, NY 10011, USA');

INSERT INTO Person
(ssn, name, age, gender, address) VALUES
('530531812' , ' Lesley' , 28 , 1 , '9078 Doyle Mountain Suite 086 Port Brendan');

INSERT INTO Person
(ssn, name, age, gender, address) VALUES
('445062282' , 'Andrew' , 42 , 1 , '60837 Cartwright Summit East Horacio');

INSERT INTO Person
(ssn, name, age, gender, address) VALUES
('537192804' , 'Elsa' , 30 , 0 , '4726 Tiara Plains Port Casperport, WA 14576');

INSERT INTO Person
(ssn, name, age, gender, address) VALUES
('368246284' , 'Mera' , 26 , 0 , '9049 McGlynn Manor Auerborough, MI 99854');

INSERT INTO Person
(ssn, name, age, gender, address) VALUES
('416242359' , 'viorena' , 34 , 0 , '	127 Antonietta Summit Apt. 267 Durganland');

INSERT INTO Person
(ssn, name, age, gender, address) VALUES
('520165865' , 'Hand' , 38 , 1 , '	73353 Elliot Estates West Layla');

INSERT INTO Person
(ssn, name, age, gender, address) VALUES
('226571874' , 'Kertzmann ' , 25 , 1 , '556 Nelson Harbor Apt. 144 Andersonbury');

INSERT INTO Person
(ssn, name, age, gender, address) VALUES
('579462314' , 'Rolfson' , 20 , 1 , '	39549 Jacobs Mountain Jameyborough');

INSERT INTO Person
(ssn, name, age, gender, address) VALUES
('772742249' , 'Glover' , 38 , 0 , '536 Charlotte Field Suite 878 Wolfburgh');

INSERT INTO Person
(ssn, name, age, gender, address) VALUES
('404530158' , 'Ryan' , 23 , 0 , '85292 Noble Plaza Lake Alanis, GA 29639');


INSERT INTO Person
(ssn, name, age, gender, address) VALUES
('28801150247137' , 'Karim' , 31 , 1 , '17 ElMontazah street cairo');

INSERT INTO Person
(ssn, name, age, gender, address) VALUES
('252146915' , 'Nova' , 28 , 0 , '2475 Reanna Viaduct Apt. 809 Efrainmouth');


INSERT INTO Person
(ssn, name, age, gender, address) VALUES
('642606916' , 'Karmin' , 27 , 0 , '545 Boyer Skyway Suite 698 Santinoton');

INSERT INTO Person
(ssn, name, age, gender, address) VALUES
('505230161' , 'Veronica' , 27 , 0 , '964 Shaina Centers Suite 557 Aylamouth');



INSERT INTO Person
(ssn, name, age, gender, address) VALUES
('518242856' , 'Jessica' , 18 , 0 , '697 Colton Stream Apt. 299 Erichshire');


INSERT INTO Person
(ssn, name, age, gender, address) VALUES
('477342755' , 'Kalvin' , 31 , 1 , '6209 Jacobi Crossroad South Doyle');


INSERT INTO Person
(ssn, name, age, gender, address) VALUES
('574512726' , 'Jesson' , 19 , 1 , '	738 Clement Road East Leonor');



INSERT INTO Person
(ssn, name, age, gender, address) VALUES
('29802171204031' , 'Mohamed' , 21 , 1 , '17 Embaba street giza');

INSERT INTO Person
(ssn, name, age, gender, address) VALUES
('29806151104203' , 'Remonda' , 20 , 0 , '5 Elsodan street giza');

INSERT INTO Person
(ssn, name, age, gender, address) VALUES
('29812061046204' , 'Aly' , 30 , 1 , '17 Elsyda zaineb street, down town');

INSERT INTO Person
(ssn, name, age, gender, address) VALUES
('29708151024153' , 'Ali' , 21 , 1 , ' Elshikh zayd, October');

INSERT INTO Person
(ssn, name, age, gender, address) VALUES
('190586120' , 'johnny' , 26 , 1 , '377 Kennedi Ridges West Breanne');

INSERT INTO Government_Representative
(ssn, username, password, data_of_join) VALUES
('21510971420378' , 'Ali' , '$2y$10$GlXpr3zka3xBmSARLtMKqesNXVzonR80SZ14pMRqRFWF2v9PtH84G', '2016-11-10');

INSERT INTO Government_Representative
(ssn, username, password, data_of_join) VALUES
('20612981004127' , 'Aly' , '$2y$10$vhp58d4ZDRVWixFkknlMDeOHisx59ctMnvxQfn7Wy0Vt4uOD1wYCm', '2016-11-17');

INSERT INTO Government_Representative
(ssn, username, password, data_of_join) VALUES
('21506981045017' , 'Monda' , '$2y$10$KrJY10KnGarnmGPiVDpWW.GZgvUUaVo/75VFHPyBrGwsP6G8T1wEq', '2017-06-04');

INSERT INTO Government_Representative
(ssn, username, password, data_of_join) VALUES
('21702984560102' , 'Shawky' , '$2y$10$9SpIsQEv2ysWAYYtk8IY3.iJ7myywqO9T62rGZSbmfQQWBSkfBUXK', '2014-12-12');

INSERT INTO Government_Representative
(ssn, username, password, data_of_join) VALUES
('130906217' , 'Sam' , '$2y$10$3cFZwCzUJYWz0qIw77JPHeBOFUlDELBF/xIQqAcwNSk1Wubn.yPsq', '2017-06-18');

INSERT INTO Government_Representative
(ssn, username, password, data_of_join) VALUES
('530531812' , 'Lesley' , '$2y$10$hhZhGPwzhG0JFUhlpdTbI.4xLEczPX78XkjgtYG6Rz9zfXB.SZTOu', '2017-04-11');

INSERT INTO Government_Representative
(ssn, username, password, data_of_join) VALUES
('445062282' , 'Andrew' , '$2y$10$/ikHrMup9zLG3InuJbhdHO1yL4we9dgnkB/jKkw7LWv.O1x9/E85e', '2016-06-14');

INSERT INTO Government_Representative
(ssn, username, password, data_of_join) VALUES
('537192804' , 'Elsa' , '$2y$10$qxiE1hyTlDYVeaSz8Lkzse.VNH6HUKCccwiKCXZ4GHhQFpaslCsuK', '2017-02-22');

INSERT INTO Government_Representative
(ssn, username, password, data_of_join) VALUES
('368246284' , 'Mera' , '$2y$10$JMyDwC0vWLQxgNOg7DwD8.4d1otidMe4yZj7nKfNHE099s39l6Yau', '2015-01-06');

INSERT INTO Government_Representative
(ssn, username, password, data_of_join) VALUES
('416242359' , 'viorena' , '$2y$10$H/WfYx/cvrZQIBpFMZleMOzwZwOOUr55bjS1NfJG65O8bUWlgYtma', '2016-12-21');

INSERT INTO Government_Representative
(ssn, username, password, data_of_join) VALUES
('520165865' , 'Hand' , '$2y$10$.rdkuG6NiT.cOA5YaJq07epWYNh0ZjmwQjCmgQpgJTy9hP6c3EJZ6', '2015-11-29');

INSERT INTO Government_Representative
(ssn, username, password, data_of_join) VALUES
('226571874' , 'Kertzmann' , '$2y$10$wKgpO6n5oLlybf3uyY1XWeh6cJKx2Zz7V.ey1pRE8iDrL9EtAOnsa', '2016-07-14');

INSERT INTO Government_Representative
(ssn, username, password, data_of_join) VALUES
('21107885102472' , 'Mohamed' , '$2y$10$QY4RMiPhzjjz.kxREgNYZOnzOrvCXxiGIjQzZ5lkE9r.0HM2AdtBi', '2015-10-11');

INSERT INTO Government_Representative
(ssn, username, password, data_of_join) VALUES
('29106103540131' , 'Mona' , '$2y$10$PjMsSn01WLO82XyaUUKdC.2bPS1Dmia4nAviEyU7FQjvXjhMd0rhO', '2017-09-19');

INSERT INTO Government_Representative
(ssn, username, password, data_of_join) VALUES
('29806152014921' , 'Ahmed' , '$2y$10$u8J3YMce/0iaZ4x/Yefoe.wmvhwS9cRf2uBLYqxyt27PsSFAX3t6W', '2017-02-01');

INSERT INTO Government_Representative
(ssn, username, password, data_of_join) VALUES
('651182266' , 'Predovic' , '$2y$10$MdlYYb6FiD4N43r9wEGI2u/t3M1NIo46gEPI/bvnsx8DV09KRwP6C', '2015-12-10');

INSERT INTO Government_Representative
(ssn, username, password, data_of_join) VALUES
('036389826' , 'Uptoc' , '$2y$10$J2I/2byxFlPTyxwKavy2/.GDQMHhjo5Kx8nFCXIe.PmYBhf2/LIDq', '2017-01-21');

INSERT INTO Government_Representative
(ssn, username, password, data_of_join) VALUES
('470096792' , 'Nour' , '$2y$10$veIiE7tropyPIoREPy/9SeBSdL4LqTTiyUuja6TtC4c2s5SM65e/u', '2015-02-03');

INSERT INTO Government_Representative
(ssn, username, password, data_of_join) VALUES
('309175316' , 'Mok' , '$2y$10$H.CPdWvmrHilpn3p3Un/aOXocHnqejjf7MviS63uJYiRdT/Z5u0iy', '2015-12-02');

INSERT INTO Government_Representative
(ssn, username, password, data_of_join) VALUES
('552837008' , 'Assem' , '$2y$10$882DF92DztO3GgdWtqcuxOn8cDQDEjoKBzmmL3vpwUNJ.A/8qplkW', '2017-10-02');

INSERT INTO Criminal
(ssn, no_of_crimes, current_state, no_of_victims) VALUES
('524608656' , 4 , 1 , 9);

INSERT INTO Criminal
(ssn, no_of_crimes, current_state, no_of_victims) VALUES
('765266441' , 2 , 1 , 6 );

INSERT INTO Criminal
(ssn, no_of_crimes, current_state, no_of_victims) VALUES
('270131735' , 1 , 0 , 4);

INSERT INTO Criminal
(ssn, no_of_crimes, current_state, no_of_victims) VALUES
('109548023' , 2 , 1 , 1);

INSERT INTO Criminal
(ssn, no_of_crimes, current_state, no_of_victims) VALUES
('141316582' , 2 , 0 , 2);

INSERT INTO Criminal
(ssn, no_of_crimes, current_state, no_of_victims) VALUES
('671249914' , 3 , 0 , 4);

INSERT INTO Criminal
(ssn, no_of_crimes, current_state, no_of_victims) VALUES
('572104364' , 3 , 1 , 5 );

INSERT INTO Criminal
(ssn, no_of_crimes, current_state, no_of_victims) VALUES
('29806112011457' , 1 , 0 , 2);

INSERT INTO Criminal
(ssn, no_of_crimes, current_state, no_of_victims) VALUES
('432617456' , 2 , 0 , 3);

INSERT INTO Criminal
(ssn, no_of_crimes, current_state, no_of_victims) VALUES
('574428216' , 4 , 1 , 12);

INSERT INTO Admin
(ssn, username, password , no_banned_users , no_added_admins) VALUES
('252146915' ,'Nova' , '$2y$10$q2CRdtd6RdQKNHQYUFNJpuYTe80XKtvI.wsob6pgViqunhS4ge8ta' , 1 , 0 );

INSERT INTO Admin
(ssn, username, password , no_banned_users , no_added_admins) VALUES
('28801150247137' ,'karim' , '$2y$10$NBr5suKtjKTf06jLexaTX.7UGGtY2PqqFExu/AndzXI8XDXr5P0zq' , 2 , 0 );

INSERT INTO Admin
(ssn, username, password , no_banned_users , no_added_admins) VALUES
('642606916' ,'Karmin' , '$2y$10$3F1O/dpTpVUb62X9Xixl7.MQD2thbztBtLvo6HMVo2SataKrWdB4.' , 0 , 0 );

INSERT INTO Admin
(ssn, username, password , no_banned_users , no_added_admins) VALUES
('505230161' ,'Veronica' , '$2y$10$Xm4RJOeNkY9ozCc7xu8ffu5unwQm8peeCwNXn.6mjc73baXwOHSr.' , 3 , 1 );

INSERT INTO Admin
(ssn, username, password , no_banned_users , no_added_admins) VALUES
('518242856' ,'Jessica' , '$2y$10$ES6Fwe.F6L4rrNEWhm9R4.p6p2hURX0bObTAfgOJ7gGwVRL0rVhxa' , 0 , 1 );

INSERT INTO citizen
(ssn, username , password , data_of_join) VALUES
('477342755' , 'Kalvin' , '$2y$10$uX.YyVgV2IjWo18YQa077eFUddB7xojY51B0ZN7GOlGMToSsmpquu' , '2017-01-12' );

INSERT INTO citizen
(ssn, username , password , data_of_join) VALUES
('574512726' , 'Jesson' , '$2y$10$c3HLpG6M75J/ahvyHwCde.llcJDOyUxDJVT66KCNohicYdBRtHiDm' , '2017-07-12' );

INSERT INTO Admin
(ssn, username, password , no_banned_users , no_added_admins) VALUES
('29802171204031' ,'MohamedDG' , '$2y$10$FrpRq0OZJSe32ycDLNYFEes7KWDKKFiB09E/2MRHGot.dwR/Vn.9.' , 0 , 1 );

INSERT INTO Admin
(ssn, username, password , no_banned_users , no_added_admins) VALUES
('29806151104203' ,'Remonda' , '$2y$10$uew6cSd.XxPL7VMNL/pf/OoZ7Y1WFrQDm0uBfzPRbz./97Xvq/ade' , 0 , 2 );

INSERT INTO Admin
(ssn, username, password , no_banned_users , no_added_admins) VALUES
('29812061046204' ,'Aly' , '$2y$10$3h2djvc4RXl/LLrFognaC.o1dkurSNG/3JmExsP4E2yPgxuFS..HS' , 1 , 3 );

INSERT INTO Admin
(ssn, username, password , no_banned_users , no_added_admins) VALUES
('29708151024153' ,'Ali' , '$2y$10$Oa0Y1WBN7X3FdoyWJ2mJO.LAR98WHYe045BboXz1H0.NuV1NwCwpi' , 0 , 1 );

INSERT INTO citizen
(ssn, username , password , data_of_join) VALUES
('505230261' , 'Micheal' , '$2y$10$3MQUMuVns0/N8zvJeyQLzuPbLXB4v/5i1TJ9MU7GKfWWT/aYSbXUG' , '2018-01-10' ) ;

INSERT INTO citizen
(ssn, username , password , data_of_join) VALUES
('29802171244231' , 'Moamen' , '$2y$10$CTWZYwrJzRrnZwrUy2FypO461BhAv2xaO0wiBrsSdyeuHuCEpLxZO' , '2018-03-10' );

INSERT INTO citizen
(ssn, username , password , data_of_join) VALUES
('190586120' , 'johnny' , '$2y$10$NP2aRTqEnj/ZmDWZTSdM1OvKicQC691D78ipMtc2IFp83rLbaJeC6' , '2017-04-02' );
