INSERT INTO Person
(ssn, name, age, gender, address) VALUES
('21510971420378' , 'Ali ' , 21 , 1 , '15 ELHosaary street, 6 October');

INSERT INTO Person
(ssn, name, age, gender, address) VALUES
('505230261' , 'Micheal' , 34 , 1 , '2559 Hauck Spurs Cynthiaport');

INSERT INTO Person
(ssn, name, age, gender, address) VALUES
('29802171244231' , 'Moamen' , 42 , 1 , '17 ElHaram street, giza');


INSERT INTO Person
(ssn, name, age, gender, address) VALUES
('20612981004127' , 'Aly ' , 30 , 1 , '15 ELSayeda street, giza');


INSERT INTO Person
(ssn, name, age, gender, address) VALUES
('21506981045017' , 'Remonda' , 20 , 0 , '15 ELSodan street, gize');


INSERT INTO Person
(ssn, name, age, gender, address) VALUES
('21702984560102' , 'Mohamed' , 20 , 1 , '17 ElWehda street giza');



INSERT INTO Person
(ssn, name, age, gender, address) VALUES
('572104364' , 'Rosel' , 56 , 0 , 'Henry-Wolter-Gasse 0/6');

INSERT INTO Person
(ssn, name, age, gender, address) VALUES
('29806112011457' , 'Nour' , 55 , 0 , '2 syria street Elmohndsen');

INSERT INTO Person
(ssn, name, age, gender, address) VALUES
('432617456' , 'Schaden' , 27 , 0 , '595 Graham Ferry Estevanchester, AR 82695-4683');

INSERT INTO Person
(ssn, name, age, gender, address) VALUES
('574428216' , 'Fay' , 36 , 0 , '1753 Stamm Crossing South Theron, AK 28457-9489');

INSERT INTO Person
(ssn, name, age, gender, address) VALUES
('524608656' , 'John' , 58 , 1 , '231 Main Street, Suite 211');

INSERT INTO Person
(ssn, name, age, gender, address) VALUES
('765266441' , 'Kirlin' , 21 , 1 , '	59841 Yost Rest Apt. 243 Beerchester');


INSERT INTO Person
(ssn, name, age, gender, address) VALUES
('270131735' , 'Antwon' , 48 , 1 , '719 Auer Stravenue Apt. 863 South Myrtis');

INSERT INTO Person
(ssn, name, age, gender, address) VALUES
('109548023' , 'Maggie' , 42 , 0 , '4171 Lakin Wells Suite 244 Port Arthur');

INSERT INTO Person
(ssn, name, age, gender, address) VALUES
('141316582' , 'Ebert' , 40 , 1 , '428 Rupert Rest Sheilaton, NJ 57911-8440');

INSERT INTO Person
(ssn, name, age, gender, address) VALUES
('671249914' , 'Mark' , 25 , 1 , '91353 Pedro Walks Apt. 723 Port Danaside');


INSERT INTO Person
(ssn, name, age, gender, address) VALUES
('651182266' , 'Predovic ' , 26 , 0 , '36898 Jamison Mountain Suite 213 Nienowfort, CO 37702-5720');

INSERT INTO Person
(ssn, name, age, gender, address) VALUES
('29806152014921' , 'Ahmed' , 35 , 0 , '2 syria street Elmohndsen');

INSERT INTO Person
(ssn, name, age, gender ) VALUES
('29106103540131' , 'Mona' , 46 , 0 );

INSERT INTO Person
(ssn, name, age, gender, address) VALUES
('21107885102472' , 'Mohamed' , 41 , 0 , '8 el maadi street');


INSERT INTO Person
(ssn, name, age, gender, address) VALUES
('036389826' , 'Upton' , 41 , 0 , '2066 Rosenbaum Crossing North Rosemary, RI 58539-2919');

INSERT INTO Person
(ssn, name, age, gender, address) VALUES
('309175316' , 'Ferry' , 42 , 0 , '73424 Anthony Crossing Moriahchester, IN 56816');

INSERT INTO Person
(ssn, name, age, gender, address) VALUES
('470096792' , 'Bartell' , 47 , 0 , '12930 Powlowski Garden South Carol, MN 30254-8862');

INSERT INTO Person
(ssn, name, age, gender, address) VALUES
('552837008' , 'Mark' , 31 , 0 , 'Headquarters 1120 N Street Sacramento 916-654-5266');

INSERT INTO Person
(ssn, name, age, gender, address) VALUES
('130906217' , 'Sam' , 37 , 0 , '13th Street. 47 W 13th St, New York, NY 10011, USA');

INSERT INTO Person
(ssn, name, age, gender, address) VALUES
('530531812' , ' Lesley' , 28 , 1 , '9078 Doyle Mountain Suite 086 Port Brendan');

INSERT INTO Person
(ssn, name, age, gender, address) VALUES
('445062282' , 'Andrew' , 42 , 1 , '60837 Cartwright Summit East Horacio');

INSERT INTO Person
(ssn, name, age, gender, address) VALUES
('537192804' , 'Elsa' , 30 , 0 , '4726 Tiara Plains Port Casperport, WA 14576');

INSERT INTO Person
(ssn, name, age, gender, address) VALUES
('368246284' , 'Mera' , 26 , 0 , '9049 McGlynn Manor Auerborough, MI 99854');

INSERT INTO Person
(ssn, name, age, gender, address) VALUES
('416242359' , 'viorena' , 34 , 0 , '	127 Antonietta Summit Apt. 267 Durganland');

INSERT INTO Person
(ssn, name, age, gender, address) VALUES
('520165865' , 'Hand' , 38 , 1 , '	73353 Elliot Estates West Layla');

INSERT INTO Person
(ssn, name, age, gender, address) VALUES
('226571874' , 'Kertzmann ' , 25 , 1 , '556 Nelson Harbor Apt. 144 Andersonbury');

INSERT INTO Person
(ssn, name, age, gender, address) VALUES
('579462314' , 'Rolfson' , 20 , 1 , '	39549 Jacobs Mountain Jameyborough');

INSERT INTO Person
(ssn, name, age, gender, address) VALUES
('772742249' , 'Glover' , 38 , 0 , '536 Charlotte Field Suite 878 Wolfburgh');

INSERT INTO Person
(ssn, name, age, gender, address) VALUES
('404530158' , 'Ryan' , 23 , 0 , '85292 Noble Plaza Lake Alanis, GA 29639');


INSERT INTO Person
(ssn, name, age, gender, address) VALUES
('28801150247137' , 'Karim' , 31 , 1 , '17 ElMontazah street cairo');

INSERT INTO Person
(ssn, name, age, gender, address) VALUES
('252146915' , 'Nova' , 28 , 0 , '2475 Reanna Viaduct Apt. 809 Efrainmouth');


INSERT INTO Person
(ssn, name, age, gender, address) VALUES
('642606916' , 'Karmin' , 27 , 0 , '545 Boyer Skyway Suite 698 Santinoton');

INSERT INTO Person
(ssn, name, age, gender, address) VALUES
('505230161' , 'Veronica' , 27 , 0 , '964 Shaina Centers Suite 557 Aylamouth');



INSERT INTO Person
(ssn, name, age, gender, address) VALUES
('518242856' , 'Jessica' , 18 , 0 , '697 Colton Stream Apt. 299 Erichshire');


INSERT INTO Person
(ssn, name, age, gender, address) VALUES
('477342755' , 'Kalvin' , 31 , 1 , '6209 Jacobi Crossroad South Doyle');


INSERT INTO Person
(ssn, name, age, gender, address) VALUES
('574512726' , 'Jesson' , 19 , 1 , '	738 Clement Road East Leonor');



INSERT INTO Person
(ssn, name, age, gender, address) VALUES
('29802171204031' , 'Mohamed' , 21 , 1 , '17 Embaba street giza');

INSERT INTO Person
(ssn, name, age, gender, address) VALUES
('29806151104203' , 'Remonda' , 20 , 0 , '5 Elsodan street giza');

INSERT INTO Person
(ssn, name, age, gender, address) VALUES
('29812061046204' , 'Aly' , 30 , 1 , '17 Elsyda zaineb street, down town');

INSERT INTO Person
(ssn, name, age, gender, address) VALUES
('29708151024153' , 'Ali' , 21 , 1 , ' Elshikh zayd, October');

INSERT INTO Person
(ssn, name, age, gender, address) VALUES
('190586120' , 'johnny' , 26 , 1 , '377 Kennedi Ridges West Breanne');

INSERT INTO Government_Representative
(ssn, username, password, data_of_join) VALUES
('21510971420378' , 'Ali' , 'AliKhaled', '2016-11-10');

INSERT INTO Government_Representative
(ssn, username, password, data_of_join) VALUES
('20612981004127' , 'Aly' , 'AlyRamzy', '2016-11-17');

INSERT INTO Government_Representative
(ssn, username, password, data_of_join) VALUES
('21506981045017' , 'Monda' , 'remonda21', '2017-06-04');

INSERT INTO Government_Representative
(ssn, username, password, data_of_join) VALUES
('21702984560102' , 'Shawky' , 'DarkGeek', '2014-12-12');

INSERT INTO Government_Representative
(ssn, username, password, data_of_join) VALUES
('130906217' , 'Sam' , 'mo1560#', '2017-06-18');

INSERT INTO Government_Representative
(ssn, username, password, data_of_join) VALUES
('530531812' , 'Lesley' , 'to239613', '2017-04-11');

INSERT INTO Government_Representative
(ssn, username, password, data_of_join) VALUES
('445062282' , 'Andrew' , '06121998', '2016-06-14');

INSERT INTO Government_Representative
(ssn, username, password, data_of_join) VALUES
('537192804' , 'Elsa' , '1721998', '2017-02-22');

INSERT INTO Government_Representative
(ssn, username, password, data_of_join) VALUES
('368246284' , 'Mera' , '1561998', '2015-01-06');

INSERT INTO Government_Representative
(ssn, username, password, data_of_join) VALUES
('416242359' , 'viorena' , 'swqmkhaw', '2016-12-21');

INSERT INTO Government_Representative
(ssn, username, password, data_of_join) VALUES
('520165865' , 'Hand' , '1548#ha', '2015-11-29');

INSERT INTO Government_Representative
(ssn, username, password, data_of_join) VALUES
('226571874' , 'Kertzmann' , '23081999', '2016-07-14');

INSERT INTO Government_Representative
(ssn, username, password, data_of_join) VALUES
('21107885102472' , 'Mohamed' , '4411qwx', '2015-10-11');

INSERT INTO Government_Representative
(ssn, username, password, data_of_join) VALUES
('29106103540131' , 'Mona' , 'soma15697', '2017-09-19');

INSERT INTO Government_Representative
(ssn, username, password, data_of_join) VALUES
('29806152014921' , 'Ahmed' , '156@Dat', '2017-02-01');

INSERT INTO Government_Representative
(ssn, username, password, data_of_join) VALUES
('651182266' , 'Predovic' , '1487987', '2015-12-10');

INSERT INTO Government_Representative
(ssn, username, password, data_of_join) VALUES
('036389826' , 'Uptoc' , 'mhassan123', '2017-01-21');

INSERT INTO Government_Representative
(ssn, username, password, data_of_join) VALUES
('470096792' , 'Nour' , 'ko243891', '2015-02-03');

INSERT INTO Government_Representative
(ssn, username, password, data_of_join) VALUES
('309175316' , 'Mok' , 'hassan21', '2015-12-02');

INSERT INTO Government_Representative
(ssn, username, password, data_of_join) VALUES
('552837008' , 'Assem' , '14719954#', '2017-10-02');

INSERT INTO Criminal
(ssn, no_of_crimes, current_state, no_of_victims) VALUES
('524608656' , 4 , 1 , 9);

INSERT INTO Criminal
(ssn, no_of_crimes, current_state, no_of_victims) VALUES
('765266441' , 2 , 1 , 6 );

INSERT INTO Criminal
(ssn, no_of_crimes, current_state, no_of_victims) VALUES
('270131735' , 1 , 0 , 4);

INSERT INTO Criminal
(ssn, no_of_crimes, current_state, no_of_victims) VALUES
('109548023' , 2 , 1 , 1);

INSERT INTO Criminal
(ssn, no_of_crimes, current_state, no_of_victims) VALUES
('141316582' , 2 , 0 , 2);

INSERT INTO Criminal
(ssn, no_of_crimes, current_state, no_of_victims) VALUES
('671249914' , 3 , 0 , 4);

INSERT INTO Criminal
(ssn, no_of_crimes, current_state, no_of_victims) VALUES
('572104364' , 3 , 1 , 5 );

INSERT INTO Criminal
(ssn, no_of_crimes, current_state, no_of_victims) VALUES
('29806112011457' , 1 , 0 , 2);

INSERT INTO Criminal
(ssn, no_of_crimes, current_state, no_of_victims) VALUES
('432617456' , 2 , 0 , 3);

INSERT INTO Criminal
(ssn, no_of_crimes, current_state, no_of_victims) VALUES
('574428216' , 4 , 1 , 12);

INSERT INTO Admin
(ssn, username, password , no_banned_users , no_added_admins) VALUES
('252146915' ,'Nova' , '541701q' , 1 , 0 );

INSERT INTO Admin
(ssn, username, password , no_banned_users , no_added_admins) VALUES
('28801150247137' ,'karim' , 'm1569#' , 2 , 0 );

INSERT INTO Admin
(ssn, username, password , no_banned_users , no_added_admins) VALUES
('642606916' ,'Karmin' , '8912321#' , 0 , 0 );

INSERT INTO Admin
(ssn, username, password , no_banned_users , no_added_admins) VALUES
('505230161' ,'Veronica' , '15040w' , 3 , 1 );

INSERT INTO Admin
(ssn, username, password , no_banned_users , no_added_admins) VALUES
('518242856' ,'Jessica' , 'hq367132' , 0 , 1 );

INSERT INTO citizen
(ssn, username , password , data_of_join) VALUES
('477342755' , 'Kalvin' , 'kevy712' , '2017-01-12' );

INSERT INTO citizen
(ssn, username , password , data_of_join) VALUES
('574512726' , 'Jesson' , 'jackson4' , '2017-07-12' );

INSERT INTO Admin
(ssn, username, password , no_banned_users , no_added_admins) VALUES
('29802171204031' ,'MohamedDG' , 'DarkGeek' , 0 , 1 );

INSERT INTO Admin
(ssn, username, password , no_banned_users , no_added_admins) VALUES
('29806151104203' ,'Remonda' , 'monda21' , 0 , 2 );

INSERT INTO Admin
(ssn, username, password , no_banned_users , no_added_admins) VALUES
('29812061046204' ,'Aly' , 'Hassan6' , 1 , 3 );

INSERT INTO Admin
(ssn, username, password , no_banned_users , no_added_admins) VALUES
('29708151024153' ,'Ali' , 'AliKhaled' , 0 , 1 );

INSERT INTO citizen
(ssn, username , password , data_of_join) VALUES
('505230261' , 'Micheal' , 'mo3471#&' , '2018-01-10' ) ;

INSERT INTO citizen
(ssn, username , password , data_of_join) VALUES
('29802171244231' , 'Moamen' , 'Mo21201*' , '2018-03-10' );

INSERT INTO citizen
(ssn, username , password , data_of_join) VALUES
('190586120' , 'johnny' , '14978104' , '2017-04-02' );

INSERT INTO Disaster
(name, possible_causes, precautions, no_of_prev_occur) VALUES
('Volcano', 'COre Melting', 'Surrounding Evacuation', 10);

INSERT INTO Incident
(eco_loss, year, month, day, description, location, name) VALUES
(1000000, 2018, 4, 12, 'Huge Eruption', 'Egypt', 'Volcano');
